game,seed,generation,test_mean
flappy,1,0,0
flappy,1,1,1
flappy,1,2,1
flappy,1,3,2
flappy,1,4,1
flappy,1,5,2
flappy,1,6,8
flappy,1,7,3
flappy,1,8,3
flappy,1,9,5
flappy,1,10,5
flappy,1,11,7
flappy,1,12,45
flappy,1,13,46
flappy,1,14,51
flappy,1,15,54
flappy,1,16,54
flappy,1,17,54
flappy,1,18,54
flappy,1,19,54
flappy,1,20,54
flappy,1,21,54
flappy,1,22,54
flappy,1,23,54
flappy,1,24,54
flappy,1,25,54
flappy,1,26,54
flappy,1,27,54
flappy,1,28,54
flappy,1,29,54
flappy,1,30,54
flappy,1,31,54
flappy,1,32,54
flappy,1,33,54
flappy,1,34,54
flappy,1,35,54
flappy,1,36,54
flappy,1,37,54
flappy,1,38,54
flappy,1,39,54
flappy,1,40,54
flappy,1,41,54
flappy,1,42,54
flappy,1,43,54
flappy,1,44,54
flappy,1,45,54
flappy,1,46,54
flappy,1,47,54
flappy,1,48,54
flappy,1,49,54
flappy,1,50,54
flappy,1,51,54
flappy,1,52,54
flappy,1,53,54
flappy,1,54,54
flappy,1,55,54
flappy,1,56,54
flappy,1,57,54
flappy,1,58,54
flappy,1,59,54
flappy,1,60,54
flappy,1,61,54
flappy,1,62,54
flappy,1,63,54
flappy,1,64,54
flappy,1,65,54
flappy,1,66,54
flappy,1,67,54
flappy,1,68,54
flappy,1,69,54
flappy,1,70,54
flappy,1,71,54
flappy,1,72,54
flappy,1,73,54
flappy,1,74,54
flappy,1,75,54
flappy,1,76,54
flappy,1,77,54
flappy,1,78,54
flappy,1,79,54
flappy,1,80,54
flappy,1,81,54
flappy,1,82,54
flappy,1,83,54
flappy,1,84,54
flappy,1,85,54
flappy,1,86,54
flappy,1,87,54
flappy,1,88,54
flappy,1,89,54
flappy,1,90,54
flappy,1,91,54
flappy,1,92,54
flappy,1,93,54
flappy,1,94,54
flappy,1,95,54
flappy,1,96,54
flappy,1,97,54
flappy,1,98,54
flappy,1,99,54
flappy,2,0,0
flappy,2,1,1
flappy,2,2,2
flappy,2,3,1
flappy,2,4,2
flappy,2,5,1
flappy,2,6,4
flappy,2,7,2
flappy,2,8,2
flappy,2,9,4
flappy,2,10,3
flappy,2,11,3
flappy,2,12,3
flappy,2,13,3
flappy,2,14,3
flappy,2,15,4
flappy,2,16,54
flappy,2,17,54
flappy,2,18,54
flappy,2,19,54
flappy,2,20,54
flappy,2,21,54
flappy,2,22,54
flappy,2,23,54
flappy,2,24,54
flappy,2,25,54
flappy,2,26,54
flappy,2,27,54
flappy,2,28,54
flappy,2,29,54
flappy,2,30,54
flappy,2,31,54
flappy,2,32,54
flappy,2,33,54
flappy,2,34,54
flappy,2,35,54
flappy,2,36,54
flappy,2,37,54
flappy,2,38,54
flappy,2,39,54
flappy,2,40,54
flappy,2,41,54
flappy,2,42,54
flappy,2,43,54
flappy,2,44,54
flappy,2,45,54
flappy,2,46,54
flappy,2,47,54
flappy,2,48,54
flappy,2,49,54
flappy,2,50,54
flappy,2,51,54
flappy,2,52,54
flappy,2,53,54
flappy,2,54,54
flappy,2,55,54
flappy,2,56,54
flappy,2,57,54
flappy,2,58,54
flappy,2,59,54
flappy,2,60,54
flappy,2,61,54
flappy,2,62,54
flappy,2,63,54
flappy,2,64,54
flappy,2,65,54
flappy,2,66,54
flappy,2,67,54
flappy,2,68,54
flappy,2,69,54
flappy,2,70,54
flappy,2,71,54
flappy,2,72,54
flappy,2,73,54
flappy,2,74,54
flappy,2,75,54
flappy,2,76,54
flappy,2,77,54
flappy,2,78,54
flappy,2,79,54
flappy,2,80,54
flappy,2,81,54
flappy,2,82,54
flappy,2,83,54
flappy,2,84,54
flappy,2,85,54
flappy,2,86,54
flappy,2,87,54
flappy,2,88,54
flappy,2,89,54
flappy,2,90,54
flappy,2,91,54
flappy,2,92,54
flappy,2,93,54
flappy,2,94,54
flappy,2,95,54
flappy,2,96,54
flappy,2,97,54
flappy,2,98,54
flappy,2,99,54
flappy,3,0,0
flappy,3,1,1
flappy,3,2,1
flappy,3,3,54
flappy,3,4,54
flappy,3,5,54
flappy,3,6,54
flappy,3,7,54
flappy,3,8,54
flappy,3,9,54
flappy,3,10,54
flappy,3,11,54
flappy,3,12,54
flappy,3,13,54
flappy,3,14,54
flappy,3,15,54
flappy,3,16,54
flappy,3,17,54
flappy,3,18,54
flappy,3,19,54
flappy,3,20,54
flappy,3,21,54
flappy,3,22,54
flappy,3,23,54
flappy,3,24,54
flappy,3,25,54
flappy,3,26,54
flappy,3,27,54
flappy,3,28,54
flappy,3,29,54
flappy,3,30,54
flappy,3,31,54
flappy,3,32,54
flappy,3,33,54
flappy,3,34,54
flappy,3,35,54
flappy,3,36,54
flappy,3,37,54
flappy,3,38,54
flappy,3,39,54
flappy,3,40,54
flappy,3,41,54
flappy,3,42,54
flappy,3,43,54
flappy,3,44,54
flappy,3,45,54
flappy,3,46,54
flappy,3,47,54
flappy,3,48,54
flappy,3,49,54
flappy,3,50,54
flappy,3,51,54
flappy,3,52,54
flappy,3,53,54
flappy,3,54,54
flappy,3,55,54
flappy,3,56,54
flappy,3,57,54
flappy,3,58,54
flappy,3,59,54
flappy,3,60,54
flappy,3,61,54
flappy,3,62,54
flappy,3,63,54
flappy,3,64,54
flappy,3,65,54
flappy,3,66,54
flappy,3,67,54
flappy,3,68,54
flappy,3,69,54
flappy,3,70,54
flappy,3,71,54
flappy,3,72,54
flappy,3,73,54
flappy,3,74,54
flappy,3,75,54
flappy,3,76,54
flappy,3,77,54
flappy,3,78,54
flappy,3,79,54
flappy,3,80,54
flappy,3,81,54
flappy,3,82,54
flappy,3,83,54
flappy,3,84,54
flappy,3,85,54
flappy,3,86,54
flappy,3,87,54
flappy,3,88,54
flappy,3,89,54
flappy,3,90,54
flappy,3,91,54
flappy,3,92,54
flappy,3,93,54
flappy,3,94,54
flappy,3,95,54
flappy,3,96,54
flappy,3,97,54
flappy,3,98,54
flappy,3,99,54
flappy,4,0,0
flappy,4,1,1
flappy,4,2,4
flappy,4,3,4
flappy,4,4,3
flappy,4,5,3
flappy,4,6,9
flappy,4,7,11
flappy,4,8,14
flappy,4,9,13
flappy,4,10,54
flappy,4,11,54
flappy,4,12,54
flappy,4,13,54
flappy,4,14,54
flappy,4,15,54
flappy,4,16,54
flappy,4,17,54
flappy,4,18,54
flappy,4,19,54
flappy,4,20,54
flappy,4,21,54
flappy,4,22,54
flappy,4,23,54
flappy,4,24,54
flappy,4,25,54
flappy,4,26,54
flappy,4,27,54
flappy,4,28,54
flappy,4,29,54
flappy,4,30,54
flappy,4,31,54
flappy,4,32,54
flappy,4,33,54
flappy,4,34,54
flappy,4,35,54
flappy,4,36,54
flappy,4,37,54
flappy,4,38,54
flappy,4,39,54
flappy,4,40,54
flappy,4,41,54
flappy,4,42,54
flappy,4,43,54
flappy,4,44,54
flappy,4,45,54
flappy,4,46,54
flappy,4,47,54
flappy,4,48,54
flappy,4,49,54
flappy,4,50,54
flappy,4,51,54
flappy,4,52,54
flappy,4,53,54
flappy,4,54,54
flappy,4,55,54
flappy,4,56,54
flappy,4,57,54
flappy,4,58,54
flappy,4,59,54
flappy,4,60,54
flappy,4,61,54
flappy,4,62,54
flappy,4,63,54
flappy,4,64,54
flappy,4,65,54
flappy,4,66,54
flappy,4,67,54
flappy,4,68,54
flappy,4,69,54
flappy,4,70,54
flappy,4,71,54
flappy,4,72,54
flappy,4,73,54
flappy,4,74,54
flappy,4,75,54
flappy,4,76,54
flappy,4,77,54
flappy,4,78,54
flappy,4,79,54
flappy,4,80,54
flappy,4,81,54
flappy,4,82,54
flappy,4,83,54
flappy,4,84,54
flappy,4,85,54
flappy,4,86,54
flappy,4,87,54
flappy,4,88,54
flappy,4,89,54
flappy,4,90,54
flappy,4,91,54
flappy,4,92,54
flappy,4,93,54
flappy,4,94,54
flappy,4,95,54
flappy,4,96,54
flappy,4,97,54
flappy,4,98,54
flappy,4,99,54
flappy,5,0,1
flappy,5,1,1
flappy,5,2,1
flappy,5,3,1
flappy,5,4,1
flappy,5,5,2
flappy,5,6,2
flappy,5,7,2
flappy,5,8,3
flappy,5,9,2
flappy,5,10,2
flappy,5,11,3
flappy,5,12,6
flappy,5,13,5
flappy,5,14,6
flappy,5,15,37
flappy,5,16,36
flappy,5,17,54
flappy,5,18,54
flappy,5,19,54
flappy,5,20,54
flappy,5,21,54
flappy,5,22,54
flappy,5,23,54
flappy,5,24,54
flappy,5,25,54
flappy,5,26,54
flappy,5,27,54
flappy,5,28,54
flappy,5,29,54
flappy,5,30,54
flappy,5,31,54
flappy,5,32,54
flappy,5,33,54
flappy,5,34,54
flappy,5,35,54
flappy,5,36,54
flappy,5,37,54
flappy,5,38,54
flappy,5,39,54
flappy,5,40,54
flappy,5,41,54
flappy,5,42,54
flappy,5,43,54
flappy,5,44,54
flappy,5,45,54
flappy,5,46,54
flappy,5,47,54
flappy,5,48,54
flappy,5,49,54
flappy,5,50,54
flappy,5,51,54
flappy,5,52,54
flappy,5,53,54
flappy,5,54,54
flappy,5,55,54
flappy,5,56,54
flappy,5,57,54
flappy,5,58,54
flappy,5,59,54
flappy,5,60,54
flappy,5,61,54
flappy,5,62,54
flappy,5,63,54
flappy,5,64,54
flappy,5,65,54
flappy,5,66,54
flappy,5,67,54
flappy,5,68,54
flappy,5,69,54
flappy,5,70,54
flappy,5,71,54
flappy,5,72,54
flappy,5,73,54
flappy,5,74,54
flappy,5,75,51
flappy,5,76,54
flappy,5,77,54
flappy,5,78,54
flappy,5,79,54
flappy,5,80,54
flappy,5,81,54
flappy,5,82,54
flappy,5,83,54
flappy,5,84,54
flappy,5,85,54
flappy,5,86,54
flappy,5,87,54
flappy,5,88,54
flappy,5,89,54
flappy,5,90,54
flappy,5,91,54
flappy,5,92,54
flappy,5,93,54
flappy,5,94,54
flappy,5,95,54
flappy,5,96,54
flappy,5,97,54
flappy,5,98,54
flappy,5,99,54
snake,1,0,4
snake,1,1,4
snake,1,2,3
snake,1,3,5
snake,1,4,9
snake,1,5,9
snake,1,6,9
snake,1,7,7
snake,1,8,7
snake,1,9,6
snake,1,10,9
snake,1,11,9
snake,1,12,12
snake,1,13,13
snake,1,14,11
snake,1,15,12
snake,1,16,13
snake,1,17,13
snake,1,18,15
snake,1,19,14
snake,1,20,20
snake,1,21,21
snake,1,22,16
snake,1,23,19
snake,1,24,20
snake,1,25,20
snake,1,26,20
snake,1,27,24
snake,1,28,22
snake,1,29,22
snake,1,30,21
snake,1,31,21
snake,1,32,20
snake,1,33,17
snake,1,34,22
snake,1,35,18
snake,1,36,19
snake,1,37,18
snake,1,38,20
snake,1,39,18
snake,1,40,19
snake,1,41,21
snake,1,42,23
snake,1,43,21
snake,1,44,22
snake,1,45,21
snake,1,46,21
snake,1,47,21
snake,1,48,25
snake,1,49,22
snake,1,50,24
snake,1,51,19
snake,1,52,21
snake,1,53,23
snake,1,54,23
snake,1,55,23
snake,1,56,22
snake,1,57,23
snake,1,58,25
snake,1,59,21
snake,1,60,23
snake,1,61,22
snake,1,62,23
snake,1,63,24
snake,1,64,24
snake,1,65,25
snake,1,66,24
snake,1,67,24
snake,1,68,22
snake,1,69,26
snake,1,70,24
snake,1,71,23
snake,1,72,23
snake,1,73,25
snake,1,74,26
snake,1,75,27
snake,1,76,25
snake,1,77,27
snake,1,78,26
snake,1,79,24
snake,1,80,25
snake,1,81,25
snake,1,82,26
snake,1,83,24
snake,1,84,23
snake,1,85,24
snake,1,86,20
snake,1,87,23
snake,1,88,23
snake,1,89,22
snake,1,90,26
snake,1,91,23
snake,1,92,22
snake,1,93,25
snake,1,94,25
snake,1,95,25
snake,1,96,24
snake,1,97,24
snake,1,98,25
snake,1,99,27
snake,1,100,26
snake,1,101,24
snake,1,102,24
snake,1,103,24
snake,1,104,24
snake,1,105,22
snake,1,106,23
snake,1,107,25
snake,1,108,28
snake,1,109,27
snake,1,110,24
snake,1,111,23
snake,1,112,24
snake,1,113,25
snake,1,114,25
snake,1,115,25
snake,1,116,25
snake,1,117,26
snake,1,118,26
snake,1,119,24
snake,1,120,25
snake,1,121,23
snake,1,122,24
snake,1,123,26
snake,1,124,27
snake,1,125,26
snake,1,126,22
snake,1,127,21
snake,1,128,22
snake,1,129,24
snake,1,130,24
snake,1,131,22
snake,1,132,24
snake,1,133,23
snake,1,134,24
snake,1,135,24
snake,1,136,25
snake,1,137,24
snake,1,138,26
snake,1,139,24
snake,1,140,24
snake,1,141,21
snake,1,142,28
snake,1,143,26
snake,1,144,26
snake,1,145,30
snake,1,146,27
snake,1,147,29
snake,1,148,27
snake,1,149,28
snake,1,150,32
snake,1,151,29
snake,1,152,31
snake,1,153,32
snake,1,154,30
snake,1,155,30
snake,1,156,32
snake,1,157,32
snake,1,158,33
snake,1,159,31
snake,1,160,32
snake,1,161,30
snake,1,162,29
snake,1,163,29
snake,1,164,34
snake,1,165,30
snake,1,166,32
snake,1,167,33
snake,1,168,29
snake,1,169,28
snake,1,170,31
snake,1,171,32
snake,1,172,31
snake,1,173,32
snake,1,174,33
snake,1,175,30
snake,1,176,30
snake,1,177,29
snake,1,178,28
snake,1,179,29
snake,1,180,27
snake,1,181,35
snake,1,182,30
snake,1,183,29
snake,1,184,31
snake,1,185,31
snake,1,186,32
snake,1,187,30
snake,1,188,31
snake,1,189,29
snake,1,190,34
snake,1,191,30
snake,1,192,29
snake,1,193,30
snake,1,194,31
snake,1,195,29
snake,1,196,33
snake,1,197,28
snake,1,198,29
snake,1,199,29
snake,1,200,34
snake,1,201,30
snake,1,202,30
snake,1,203,29
snake,1,204,31
snake,1,205,30
snake,1,206,29
snake,1,207,29
snake,1,208,32
snake,1,209,30
snake,1,210,29
snake,1,211,31
snake,1,212,29
snake,1,213,29
snake,1,214,32
snake,1,215,31
snake,1,216,28
snake,1,217,30
snake,1,218,30
snake,1,219,29
snake,1,220,32
snake,1,221,31
snake,1,222,30
snake,1,223,31
snake,1,224,32
snake,1,225,29
snake,1,226,32
snake,1,227,30
snake,1,228,33
snake,1,229,27
snake,1,230,27
snake,1,231,27
snake,1,232,27
snake,1,233,30
snake,1,234,29
snake,1,235,30
snake,1,236,29
snake,1,237,29
snake,1,238,27
snake,1,239,27
snake,1,240,29
snake,1,241,30
snake,1,242,30
snake,1,243,31
snake,1,244,29
snake,1,245,29
snake,1,246,30
snake,1,247,28
snake,1,248,28
snake,1,249,30
snake,2,0,2
snake,2,1,11
snake,2,2,11
snake,2,3,12
snake,2,4,10
snake,2,5,11
snake,2,6,11
snake,2,7,11
snake,2,8,11
snake,2,9,12
snake,2,10,11
snake,2,11,10
snake,2,12,11
snake,2,13,10
snake,2,14,11
snake,2,15,11
snake,2,16,13
snake,2,17,13
snake,2,18,12
snake,2,19,11
snake,2,20,12
snake,2,21,17
snake,2,22,15
snake,2,23,16
snake,2,24,17
snake,2,25,17
snake,2,26,17
snake,2,27,17
snake,2,28,15
snake,2,29,17
snake,2,30,17
snake,2,31,16
snake,2,32,15
snake,2,33,18
snake,2,34,15
snake,2,35,17
snake,2,36,15
snake,2,37,15
snake,2,38,16
snake,2,39,17
snake,2,40,21
snake,2,41,19
snake,2,42,19
snake,2,43,17
snake,2,44,18
snake,2,45,16
snake,2,46,21
snake,2,47,20
snake,2,48,21
snake,2,49,20
snake,2,50,19
snake,2,51,19
snake,2,52,21
snake,2,53,19
snake,2,54,19
snake,2,55,17
snake,2,56,19
snake,2,57,17
snake,2,58,18
snake,2,59,19
snake,2,60,21
snake,2,61,20
snake,2,62,22
snake,2,63,20
snake,2,64,22
snake,2,65,20
snake,2,66,18
snake,2,67,19
snake,2,68,23
snake,2,69,21
snake,2,70,24
snake,2,71,22
snake,2,72,24
snake,2,73,27
snake,2,74,21
snake,2,75,27
snake,2,76,25
snake,2,77,23
snake,2,78,25
snake,2,79,27
snake,2,80,25
snake,2,81,26
snake,2,82,27
snake,2,83,22
snake,2,84,25
snake,2,85,24
snake,2,86,25
snake,2,87,26
snake,2,88,25
snake,2,89,28
snake,2,90,23
snake,2,91,30
snake,2,92,23
snake,2,93,24
snake,2,94,24
snake,2,95,21
snake,2,96,24
snake,2,97,28
snake,2,98,29
snake,2,99,27
snake,2,100,23
snake,2,101,22
snake,2,102,24
snake,2,103,25
snake,2,104,26
snake,2,105,23
snake,2,106,20
snake,2,107,23
snake,2,108,25
snake,2,109,26
snake,2,110,24
snake,2,111,24
snake,2,112,24
snake,2,113,25
snake,2,114,27
snake,2,115,30
snake,2,116,28
snake,2,117,24
snake,2,118,26
snake,2,119,27
snake,2,120,27
snake,2,121,24
snake,2,122,26
snake,2,123,24
snake,2,124,25
snake,2,125,28
snake,2,126,24
snake,2,127,25
snake,2,128,29
snake,2,129,22
snake,2,130,22
snake,2,131,26
snake,2,132,26
snake,2,133,22
snake,2,134,24
snake,2,135,23
snake,2,136,27
snake,2,137,27
snake,2,138,25
snake,2,139,27
snake,2,140,23
snake,2,141,22
snake,2,142,24
snake,2,143,24
snake,2,144,24
snake,2,145,23
snake,2,146,25
snake,2,147,25
snake,2,148,24
snake,2,149,26
snake,2,150,24
snake,2,151,26
snake,2,152,26
snake,2,153,26
snake,2,154,29
snake,2,155,30
snake,2,156,23
snake,2,157,23
snake,2,158,29
snake,2,159,23
snake,2,160,24
snake,2,161,25
snake,2,162,27
snake,2,163,26
snake,2,164,25
snake,2,165,25
snake,2,166,24
snake,2,167,26
snake,2,168,23
snake,2,169,22
snake,2,170,22
snake,2,171,25
snake,2,172,25
snake,2,173,26
snake,2,174,26
snake,2,175,24
snake,2,176,27
snake,2,177,29
snake,2,178,25
snake,2,179,24
snake,2,180,22
snake,2,181,25
snake,2,182,24
snake,2,183,29
snake,2,184,26
snake,2,185,26
snake,2,186,26
snake,2,187,27
snake,2,188,26
snake,2,189,25
snake,2,190,25
snake,2,191,26
snake,2,192,23
snake,2,193,23
snake,2,194,28
snake,2,195,26
snake,2,196,24
snake,2,197,25
snake,2,198,25
snake,2,199,23
snake,2,200,25
snake,2,201,26
snake,2,202,27
snake,2,203,25
snake,2,204,24
snake,2,205,26
snake,2,206,24
snake,2,207,26
snake,2,208,29
snake,2,209,29
snake,2,210,30
snake,2,211,29
snake,2,212,28
snake,2,213,24
snake,2,214,25
snake,2,215,27
snake,2,216,26
snake,2,217,27
snake,2,218,28
snake,2,219,26
snake,2,220,28
snake,2,221,26
snake,2,222,29
snake,2,223,27
snake,2,224,26
snake,2,225,27
snake,2,226,24
snake,2,227,24
snake,2,228,26
snake,2,229,24
snake,2,230,25
snake,2,231,25
snake,2,232,24
snake,2,233,30
snake,2,234,24
snake,2,235,26
snake,2,236,24
snake,2,237,28
snake,2,238,27
snake,2,239,27
snake,2,240,25
snake,2,241,28
snake,2,242,30
snake,2,243,24
snake,2,244,27
snake,2,245,31
snake,2,246,28
snake,2,247,27
snake,2,248,24
snake,2,249,25
snake,3,0,4
snake,3,1,6
snake,3,2,6
snake,3,3,7
snake,3,4,7
snake,3,5,7
snake,3,6,10
snake,3,7,8
snake,3,8,10
snake,3,9,9
snake,3,10,9
snake,3,11,11
snake,3,12,11
snake,3,13,10
snake,3,14,11
snake,3,15,8
snake,3,16,9
snake,3,17,15
snake,3,18,13
snake,3,19,15
snake,3,20,16
snake,3,21,18
snake,3,22,16
snake,3,23,18
snake,3,24,19
snake,3,25,18
snake,3,26,18
snake,3,27,19
snake,3,28,18
snake,3,29,18
snake,3,30,17
snake,3,31,19
snake,3,32,18
snake,3,33,16
snake,3,34,19
snake,3,35,19
snake,3,36,17
snake,3,37,18
snake,3,38,18
snake,3,39,18
snake,3,40,17
snake,3,41,22
snake,3,42,19
snake,3,43,19
snake,3,44,23
snake,3,45,26
snake,3,46,25
snake,3,47,20
snake,3,48,25
snake,3,49,27
snake,3,50,27
snake,3,51,28
snake,3,52,29
snake,3,53,26
snake,3,54,27
snake,3,55,26
snake,3,56,28
snake,3,57,28
snake,3,58,28
snake,3,59,27
snake,3,60,26
snake,3,61,27
snake,3,62,27
snake,3,63,28
snake,3,64,29
snake,3,65,26
snake,3,66,30
snake,3,67,29
snake,3,68,30
snake,3,69,29
snake,3,70,30
snake,3,71,30
snake,3,72,29
snake,3,73,29
snake,3,74,30
snake,3,75,33
snake,3,76,29
snake,3,77,30
snake,3,78,30
snake,3,79,31
snake,3,80,31
snake,3,81,31
snake,3,82,30
snake,3,83,33
snake,3,84,29
snake,3,85,31
snake,3,86,29
snake,3,87,31
snake,3,88,31
snake,3,89,33
snake,3,90,26
snake,3,91,28
snake,3,92,29
snake,3,93,28
snake,3,94,29
snake,3,95,31
snake,3,96,31
snake,3,97,30
snake,3,98,32
snake,3,99,29
snake,3,100,29
snake,3,101,29
snake,3,102,28
snake,3,103,31
snake,3,104,32
snake,3,105,29
snake,3,106,29
snake,3,107,32
snake,3,108,31
snake,3,109,30
snake,3,110,31
snake,3,111,29
snake,3,112,29
snake,3,113,30
snake,3,114,30
snake,3,115,29
snake,3,116,27
snake,3,117,28
snake,3,118,28
snake,3,119,25
snake,3,120,25
snake,3,121,26
snake,3,122,28
snake,3,123,28
snake,3,124,27
snake,3,125,30
snake,3,126,27
snake,3,127,29
snake,3,128,27
snake,3,129,29
snake,3,130,30
snake,3,131,29
snake,3,132,30
snake,3,133,29
snake,3,134,29
snake,3,135,29
snake,3,136,28
snake,3,137,27
snake,3,138,26
snake,3,139,26
snake,3,140,26
snake,3,141,28
snake,3,142,27
snake,3,143,28
snake,3,144,29
snake,3,145,30
snake,3,146,34
snake,3,147,32
snake,3,148,30
snake,3,149,30
snake,3,150,31
snake,3,151,33
snake,3,152,32
snake,3,153,33
snake,3,154,30
snake,3,155,30
snake,3,156,29
snake,3,157,30
snake,3,158,31
snake,3,159,28
snake,3,160,32
snake,3,161,30
snake,3,162,31
snake,3,163,28
snake,3,164,34
snake,3,165,28
snake,3,166,32
snake,3,167,29
snake,3,168,32
snake,3,169,31
snake,3,170,30
snake,3,171,30
snake,3,172,30
snake,3,173,30
snake,3,174,31
snake,3,175,32
snake,3,176,32
snake,3,177,32
snake,3,178,31
snake,3,179,30
snake,3,180,30
snake,3,181,32
snake,3,182,30
snake,3,183,31
snake,3,184,32
snake,3,185,32
snake,3,186,31
snake,3,187,31
snake,3,188,32
snake,3,189,32
snake,3,190,31
snake,3,191,31
snake,3,192,31
snake,3,193,30
snake,3,194,32
snake,3,195,32
snake,3,196,29
snake,3,197,31
snake,3,198,31
snake,3,199,30
snake,3,200,31
snake,3,201,31
snake,3,202,31
snake,3,203,31
snake,3,204,30
snake,3,205,31
snake,3,206,31
snake,3,207,31
snake,3,208,30
snake,3,209,31
snake,3,210,28
snake,3,211,31
snake,3,212,29
snake,3,213,29
snake,3,214,31
snake,3,215,29
snake,3,216,30
snake,3,217,32
snake,3,218,32
snake,3,219,29
snake,3,220,30
snake,3,221,29
snake,3,222,31
snake,3,223,30
snake,3,224,29
snake,3,225,27
snake,3,226,31
snake,3,227,30
snake,3,228,31
snake,3,229,28
snake,3,230,30
snake,3,231,31
snake,3,232,31
snake,3,233,32
snake,3,234,31
snake,3,235,30
snake,3,236,29
snake,3,237,28
snake,3,238,32
snake,3,239,30
snake,3,240,30
snake,3,241,27
snake,3,242,28
snake,3,243,26
snake,3,244,27
snake,3,245,27
snake,3,246,27
snake,3,247,27
snake,3,248,27
snake,3,249,27
snake,4,0,2
snake,4,1,2
snake,4,2,4
snake,4,3,5
snake,4,4,6
snake,4,5,7
snake,4,6,11
snake,4,7,11
snake,4,8,12
snake,4,9,11
snake,4,10,18
snake,4,11,16
snake,4,12,17
snake,4,13,17
snake,4,14,19
snake,4,15,16
snake,4,16,16
snake,4,17,19
snake,4,18,18
snake,4,19,11
snake,4,20,18
snake,4,21,14
snake,4,22,18
snake,4,23,19
snake,4,24,17
snake,4,25,16
snake,4,26,17
snake,4,27,19
snake,4,28,15
snake,4,29,20
snake,4,30,18
snake,4,31,19
snake,4,32,18
snake,4,33,18
snake,4,34,20
snake,4,35,16
snake,4,36,19
snake,4,37,15
snake,4,38,19
snake,4,39,19
snake,4,40,16
snake,4,41,18
snake,4,42,18
snake,4,43,20
snake,4,44,17
snake,4,45,19
snake,4,46,18
snake,4,47,20
snake,4,48,17
snake,4,49,18
snake,4,50,19
snake,4,51,16
snake,4,52,20
snake,4,53,18
snake,4,54,19
snake,4,55,18
snake,4,56,18
snake,4,57,18
snake,4,58,16
snake,4,59,18
snake,4,60,20
snake,4,61,20
snake,4,62,19
snake,4,63,20
snake,4,64,18
snake,4,65,21
snake,4,66,19
snake,4,67,19
snake,4,68,20
snake,4,69,20
snake,4,70,18
snake,4,71,19
snake,4,72,18
snake,4,73,16
snake,4,74,16
snake,4,75,18
snake,4,76,19
snake,4,77,18
snake,4,78,17
snake,4,79,17
snake,4,80,17
snake,4,81,16
snake,4,82,17
snake,4,83,16
snake,4,84,17
snake,4,85,19
snake,4,86,19
snake,4,87,18
snake,4,88,19
snake,4,89,17
snake,4,90,17
snake,4,91,14
snake,4,92,19
snake,4,93,17
snake,4,94,18
snake,4,95,18
snake,4,96,18
snake,4,97,16
snake,4,98,16
snake,4,99,16
snake,4,100,19
snake,4,101,17
snake,4,102,17
snake,4,103,18
snake,4,104,18
snake,4,105,19
snake,4,106,18
snake,4,107,19
snake,4,108,16
snake,4,109,17
snake,4,110,21
snake,4,111,20
snake,4,112,20
snake,4,113,20
snake,4,114,18
snake,4,115,20
snake,4,116,20
snake,4,117,19
snake,4,118,18
snake,4,119,17
snake,4,120,19
snake,4,121,18
snake,4,122,23
snake,4,123,24
snake,4,124,22
snake,4,125,23
snake,4,126,24
snake,4,127,26
snake,4,128,22
snake,4,129,23
snake,4,130,24
snake,4,131,23
snake,4,132,24
snake,4,133,22
snake,4,134,25
snake,4,135,24
snake,4,136,23
snake,4,137,23
snake,4,138,22
snake,4,139,23
snake,4,140,22
snake,4,141,22
snake,4,142,24
snake,4,143,23
snake,4,144,25
snake,4,145,22
snake,4,146,23
snake,4,147,22
snake,4,148,22
snake,4,149,25
snake,4,150,27
snake,4,151,26
snake,4,152,23
snake,4,153,23
snake,4,154,26
snake,4,155,24
snake,4,156,23
snake,4,157,25
snake,4,158,27
snake,4,159,24
snake,4,160,24
snake,4,161,27
snake,4,162,22
snake,4,163,22
snake,4,164,25
snake,4,165,24
snake,4,166,28
snake,4,167,27
snake,4,168,25
snake,4,169,26
snake,4,170,23
snake,4,171,24
snake,4,172,24
snake,4,173,25
snake,4,174,22
snake,4,175,25
snake,4,176,23
snake,4,177,23
snake,4,178,24
snake,4,179,27
snake,4,180,24
snake,4,181,25
snake,4,182,28
snake,4,183,24
snake,4,184,23
snake,4,185,25
snake,4,186,22
snake,4,187,25
snake,4,188,22
snake,4,189,25
snake,4,190,25
snake,4,191,27
snake,4,192,26
snake,4,193,25
snake,4,194,26
snake,4,195,27
snake,4,196,26
snake,4,197,28
snake,4,198,27
snake,4,199,24
snake,4,200,26
snake,4,201,26
snake,4,202,26
snake,4,203,24
snake,4,204,22
snake,4,205,23
snake,4,206,24
snake,4,207,25
snake,4,208,27
snake,4,209,26
snake,4,210,27
snake,4,211,25
snake,4,212,24
snake,4,213,25
snake,4,214,26
snake,4,215,26
snake,4,216,24
snake,4,217,24
snake,4,218,21
snake,4,219,25
snake,4,220,28
snake,4,221,25
snake,4,222,26
snake,4,223,23
snake,4,224,26
snake,4,225,24
snake,4,226,29
snake,4,227,27
snake,4,228,28
snake,4,229,26
snake,4,230,27
snake,4,231,25
snake,4,232,26
snake,4,233,23
snake,4,234,26
snake,4,235,29
snake,4,236,27
snake,4,237,24
snake,4,238,21
snake,4,239,28
snake,4,240,26
snake,4,241,27
snake,4,242,26
snake,4,243,24
snake,4,244,28
snake,4,245,26
snake,4,246,28
snake,4,247,21
snake,4,248,26
snake,4,249,27
snake,5,0,2
snake,5,1,1
snake,5,2,2
snake,5,3,2
snake,5,4,5
snake,5,5,10
snake,5,6,12
snake,5,7,10
snake,5,8,11
snake,5,9,12
snake,5,10,10
snake,5,11,13
snake,5,12,12
snake,5,13,10
snake,5,14,9
snake,5,15,10
snake,5,16,14
snake,5,17,13
snake,5,18,15
snake,5,19,14
snake,5,20,15
snake,5,21,15
snake,5,22,13
snake,5,23,13
snake,5,24,13
snake,5,25,13
snake,5,26,14
snake,5,27,16
snake,5,28,15
snake,5,29,15
snake,5,30,16
snake,5,31,14
snake,5,32,14
snake,5,33,16
snake,5,34,15
snake,5,35,16
snake,5,36,17
snake,5,37,16
snake,5,38,21
snake,5,39,19
snake,5,40,21
snake,5,41,20
snake,5,42,21
snake,5,43,21
snake,5,44,19
snake,5,45,22
snake,5,46,19
snake,5,47,22
snake,5,48,18
snake,5,49,19
snake,5,50,20
snake,5,51,20
snake,5,52,22
snake,5,53,21
snake,5,54,27
snake,5,55,24
snake,5,56,26
snake,5,57,26
snake,5,58,27
snake,5,59,24
snake,5,60,22
snake,5,61,23
snake,5,62,24
snake,5,63,24
snake,5,64,26
snake,5,65,25
snake,5,66,24
snake,5,67,23
snake,5,68,25
snake,5,69,22
snake,5,70,23
snake,5,71,24
snake,5,72,21
snake,5,73,23
snake,5,74,26
snake,5,75,28
snake,5,76,27
snake,5,77,27
snake,5,78,30
snake,5,79,26
snake,5,80,27
snake,5,81,25
snake,5,82,26
snake,5,83,29
snake,5,84,27
snake,5,85,25
snake,5,86,29
snake,5,87,29
snake,5,88,25
snake,5,89,24
snake,5,90,29
snake,5,91,26
snake,5,92,28
snake,5,93,28
snake,5,94,25
snake,5,95,26
snake,5,96,27
snake,5,97,26
snake,5,98,28
snake,5,99,27
snake,5,100,29
snake,5,101,28
snake,5,102,27
snake,5,103,26
snake,5,104,25
snake,5,105,28
snake,5,106,27
snake,5,107,30
snake,5,108,27
snake,5,109,26
snake,5,110,28
snake,5,111,26
snake,5,112,27
snake,5,113,27
snake,5,114,26
snake,5,115,27
snake,5,116,26
snake,5,117,26
snake,5,118,25
snake,5,119,27
snake,5,120,29
snake,5,121,28
snake,5,122,28
snake,5,123,28
snake,5,124,27
snake,5,125,28
snake,5,126,28
snake,5,127,29
snake,5,128,27
snake,5,129,26
snake,5,130,26
snake,5,131,28
snake,5,132,27
snake,5,133,24
snake,5,134,25
snake,5,135,25
snake,5,136,28
snake,5,137,25
snake,5,138,25
snake,5,139,25
snake,5,140,26
snake,5,141,26
snake,5,142,30
snake,5,143,27
snake,5,144,25
snake,5,145,26
snake,5,146,25
snake,5,147,25
snake,5,148,28
snake,5,149,27
snake,5,150,26
snake,5,151,24
snake,5,152,24
snake,5,153,29
snake,5,154,27
snake,5,155,27
snake,5,156,32
snake,5,157,26
snake,5,158,28
snake,5,159,26
snake,5,160,23
snake,5,161,24
snake,5,162,24
snake,5,163,23
snake,5,164,26
snake,5,165,27
snake,5,166,28
snake,5,167,26
snake,5,168,28
snake,5,169,29
snake,5,170,28
snake,5,171,28
snake,5,172,26
snake,5,173,25
snake,5,174,27
snake,5,175,25
snake,5,176,26
snake,5,177,26
snake,5,178,23
snake,5,179,26
snake,5,180,25
snake,5,181,25
snake,5,182,26
snake,5,183,28
snake,5,184,25
snake,5,185,26
snake,5,186,27
snake,5,187,28
snake,5,188,25
snake,5,189,25
snake,5,190,26
snake,5,191,29
snake,5,192,25
snake,5,193,29
snake,5,194,26
snake,5,195,27
snake,5,196,26
snake,5,197,25
snake,5,198,25
snake,5,199,26
snake,5,200,24
snake,5,201,27
snake,5,202,27
snake,5,203,24
snake,5,204,27
snake,5,205,26
snake,5,206,26
snake,5,207,26
snake,5,208,27
snake,5,209,28
snake,5,210,26
snake,5,211,25
snake,5,212,28
snake,5,213,26
snake,5,214,29
snake,5,215,28
snake,5,216,28
snake,5,217,29
snake,5,218,25
snake,5,219,28
snake,5,220,26
snake,5,221,25
snake,5,222,26
snake,5,223,29
snake,5,224,28
snake,5,225,28
snake,5,226,24
snake,5,227,27
snake,5,228,26
snake,5,229,25
snake,5,230,26
snake,5,231,28
snake,5,232,27
snake,5,233,28
snake,5,234,25
snake,5,235,27
snake,5,236,27
snake,5,237,27
snake,5,238,27
snake,5,239,27
snake,5,240,28
snake,5,241,26
snake,5,242,27
snake,5,243,26
snake,5,244,28
snake,5,245,26
snake,5,246,25
snake,5,247,29
snake,5,248,28
snake,5,249,29
2048,1,0,7
2048,1,1,11
2048,1,2,13
2048,1,3,14
2048,1,4,13
2048,1,5,15
2048,1,6,14
2048,1,7,13
2048,1,8,17
2048,1,9,18
2048,1,10,18
2048,1,11,31
2048,1,12,24
2048,1,13,20
2048,1,14,25
2048,1,15,35
2048,1,16,26
2048,1,17,32
2048,1,18,28
2048,1,19,32
2048,1,20,28
2048,1,21,29
2048,1,22,28
2048,1,23,29
2048,1,24,24
2048,1,25,28
2048,1,26,28
2048,1,27,24
2048,1,28,39
2048,1,29,36
2048,1,30,33
2048,1,31,36
2048,1,32,30
2048,1,33,31
2048,1,34,32
2048,1,35,29
2048,1,36,29
2048,1,37,29
2048,1,38,27
2048,1,39,25
2048,1,40,33
2048,1,41,26
2048,1,42,30
2048,1,43,29
2048,1,44,30
2048,1,45,30
2048,1,46,30
2048,1,47,26
2048,1,48,37
2048,1,49,27
2048,1,50,38
2048,1,51,36
2048,1,52,32
2048,1,53,28
2048,1,54,36
2048,1,55,40
2048,1,56,30
2048,1,57,34
2048,1,58,30
2048,1,59,31
2048,1,60,30
2048,1,61,29
2048,1,62,31
2048,1,63,31
2048,1,64,44
2048,1,65,38
2048,1,66,38
2048,1,67,36
2048,1,68,29
2048,1,69,33
2048,1,70,38
2048,1,71,33
2048,1,72,35
2048,1,73,46
2048,1,74,31
2048,1,75,31
2048,1,76,36
2048,1,77,37
2048,1,78,43
2048,1,79,36
2048,1,80,35
2048,1,81,34
2048,1,82,32
2048,1,83,38
2048,1,84,35
2048,1,85,36
2048,1,86,44
2048,1,87,38
2048,1,88,40
2048,1,89,40
2048,1,90,40
2048,1,91,36
2048,1,92,42
2048,1,93,42
2048,1,94,43
2048,1,95,40
2048,1,96,32
2048,1,97,39
2048,1,98,34
2048,1,99,44
2048,1,100,39
2048,1,101,34
2048,1,102,37
2048,1,103,41
2048,1,104,55
2048,1,105,43
2048,1,106,34
2048,1,107,34
2048,1,108,40
2048,1,109,32
2048,1,110,40
2048,1,111,31
2048,1,112,37
2048,1,113,39
2048,1,114,39
2048,1,115,47
2048,1,116,39
2048,1,117,47
2048,1,118,33
2048,1,119,41
2048,1,120,37
2048,1,121,44
2048,1,122,38
2048,1,123,41
2048,1,124,43
2048,1,125,53
2048,1,126,40
2048,1,127,37
2048,1,128,41
2048,1,129,35
2048,1,130,40
2048,1,131,43
2048,1,132,38
2048,1,133,33
2048,1,134,34
2048,1,135,39
2048,1,136,40
2048,1,137,37
2048,1,138,47
2048,1,139,35
2048,1,140,42
2048,1,141,36
2048,1,142,39
2048,1,143,40
2048,1,144,29
2048,1,145,47
2048,1,146,38
2048,1,147,37
2048,1,148,41
2048,1,149,35
2048,1,150,42
2048,1,151,39
2048,1,152,37
2048,1,153,36
2048,1,154,37
2048,1,155,46
2048,1,156,37
2048,1,157,40
2048,1,158,39
2048,1,159,44
2048,1,160,34
2048,1,161,38
2048,1,162,42
2048,1,163,40
2048,1,164,41
2048,1,165,40
2048,1,166,42
2048,1,167,40
2048,1,168,44
2048,1,169,40
2048,1,170,45
2048,1,171,40
2048,1,172,42
2048,1,173,40
2048,1,174,45
2048,1,175,36
2048,1,176,37
2048,1,177,34
2048,1,178,34
2048,1,179,39
2048,1,180,38
2048,1,181,44
2048,1,182,48
2048,1,183,50
2048,1,184,43
2048,1,185,45
2048,1,186,46
2048,1,187,36
2048,1,188,57
2048,1,189,44
2048,1,190,40
2048,1,191,34
2048,1,192,39
2048,1,193,42
2048,1,194,43
2048,1,195,53
2048,1,196,39
2048,1,197,46
2048,1,198,39
2048,1,199,41
2048,1,200,44
2048,1,201,46
2048,1,202,40
2048,1,203,39
2048,1,204,47
2048,1,205,50
2048,1,206,48
2048,1,207,42
2048,1,208,48
2048,1,209,43
2048,1,210,39
2048,1,211,42
2048,1,212,43
2048,1,213,44
2048,1,214,52
2048,1,215,45
2048,1,216,42
2048,1,217,40
2048,1,218,40
2048,1,219,42
2048,1,220,37
2048,1,221,46
2048,1,222,40
2048,1,223,43
2048,1,224,34
2048,1,225,48
2048,1,226,36
2048,1,227,42
2048,1,228,42
2048,1,229,44
2048,1,230,46
2048,1,231,49
2048,1,232,45
2048,1,233,36
2048,1,234,40
2048,1,235,41
2048,1,236,44
2048,1,237,33
2048,1,238,44
2048,1,239,41
2048,1,240,40
2048,1,241,48
2048,1,242,45
2048,1,243,40
2048,1,244,37
2048,1,245,42
2048,1,246,40
2048,1,247,44
2048,1,248,28
2048,1,249,40
2048,1,250,43
2048,1,251,47
2048,1,252,42
2048,1,253,36
2048,1,254,41
2048,1,255,34
2048,1,256,42
2048,1,257,41
2048,1,258,51
2048,1,259,37
2048,1,260,36
2048,1,261,45
2048,1,262,55
2048,1,263,42
2048,1,264,37
2048,1,265,48
2048,1,266,44
2048,1,267,48
2048,1,268,46
2048,1,269,36
2048,1,270,52
2048,1,271,38
2048,1,272,44
2048,1,273,42
2048,1,274,40
2048,1,275,41
2048,1,276,40
2048,1,277,39
2048,1,278,39
2048,1,279,39
2048,1,280,38
2048,1,281,49
2048,1,282,45
2048,1,283,46
2048,1,284,47
2048,1,285,40
2048,1,286,56
2048,1,287,43
2048,1,288,39
2048,1,289,45
2048,1,290,38
2048,1,291,44
2048,1,292,51
2048,1,293,45
2048,1,294,44
2048,1,295,42
2048,1,296,44
2048,1,297,43
2048,1,298,45
2048,1,299,42
2048,2,0,9
2048,2,1,11
2048,2,2,15
2048,2,3,12
2048,2,4,13
2048,2,5,14
2048,2,6,22
2048,2,7,26
2048,2,8,19
2048,2,9,21
2048,2,10,22
2048,2,11,23
2048,2,12,19
2048,2,13,24
2048,2,14,37
2048,2,15,29
2048,2,16,29
2048,2,17,40
2048,2,18,26
2048,2,19,26
2048,2,20,31
2048,2,21,37
2048,2,22,31
2048,2,23,34
2048,2,24,33
2048,2,25,31
2048,2,26,28
2048,2,27,30
2048,2,28,30
2048,2,29,29
2048,2,30,31
2048,2,31,31
2048,2,32,27
2048,2,33,33
2048,2,34,31
2048,2,35,27
2048,2,36,33
2048,2,37,33
2048,2,38,30
2048,2,39,27
2048,2,40,28
2048,2,41,27
2048,2,42,37
2048,2,43,27
2048,2,44,26
2048,2,45,30
2048,2,46,29
2048,2,47,33
2048,2,48,27
2048,2,49,31
2048,2,50,40
2048,2,51,29
2048,2,52,30
2048,2,53,44
2048,2,54,28
2048,2,55,38
2048,2,56,34
2048,2,57,36
2048,2,58,33
2048,2,59,35
2048,2,60,40
2048,2,61,39
2048,2,62,38
2048,2,63,47
2048,2,64,35
2048,2,65,40
2048,2,66,42
2048,2,67,36
2048,2,68,39
2048,2,69,37
2048,2,70,43
2048,2,71,41
2048,2,72,40
2048,2,73,37
2048,2,74,30
2048,2,75,37
2048,2,76,33
2048,2,77,34
2048,2,78,32
2048,2,79,40
2048,2,80,33
2048,2,81,44
2048,2,82,45
2048,2,83,40
2048,2,84,41
2048,2,85,41
2048,2,86,39
2048,2,87,32
2048,2,88,40
2048,2,89,42
2048,2,90,52
2048,2,91,40
2048,2,92,34
2048,2,93,53
2048,2,94,41
2048,2,95,35
2048,2,96,38
2048,2,97,35
2048,2,98,44
2048,2,99,40
2048,2,100,39
2048,2,101,40
2048,2,102,39
2048,2,103,43
2048,2,104,36
2048,2,105,40
2048,2,106,41
2048,2,107,40
2048,2,108,48
2048,2,109,42
2048,2,110,40
2048,2,111,37
2048,2,112,42
2048,2,113,45
2048,2,114,39
2048,2,115,38
2048,2,116,46
2048,2,117,40
2048,2,118,44
2048,2,119,39
2048,2,120,44
2048,2,121,49
2048,2,122,47
2048,2,123,42
2048,2,124,50
2048,2,125,43
2048,2,126,41
2048,2,127,49
2048,2,128,45
2048,2,129,40
2048,2,130,46
2048,2,131,48
2048,2,132,52
2048,2,133,54
2048,2,134,41
2048,2,135,42
2048,2,136,46
2048,2,137,49
2048,2,138,50
2048,2,139,46
2048,2,140,42
2048,2,141,45
2048,2,142,43
2048,2,143,50
2048,2,144,50
2048,2,145,50
2048,2,146,48
2048,2,147,49
2048,2,148,46
2048,2,149,45
2048,2,150,58
2048,2,151,55
2048,2,152,47
2048,2,153,44
2048,2,154,41
2048,2,155,44
2048,2,156,35
2048,2,157,52
2048,2,158,41
2048,2,159,51
2048,2,160,49
2048,2,161,60
2048,2,162,48
2048,2,163,53
2048,2,164,52
2048,2,165,57
2048,2,166,47
2048,2,167,60
2048,2,168,50
2048,2,169,45
2048,2,170,59
2048,2,171,53
2048,2,172,42
2048,2,173,50
2048,2,174,45
2048,2,175,45
2048,2,176,41
2048,2,177,44
2048,2,178,42
2048,2,179,52
2048,2,180,45
2048,2,181,47
2048,2,182,38
2048,2,183,47
2048,2,184,44
2048,2,185,59
2048,2,186,53
2048,2,187,42
2048,2,188,41
2048,2,189,37
2048,2,190,43
2048,2,191,47
2048,2,192,46
2048,2,193,43
2048,2,194,42
2048,2,195,45
2048,2,196,53
2048,2,197,47
2048,2,198,49
2048,2,199,53
2048,2,200,46
2048,2,201,48
2048,2,202,56
2048,2,203,46
2048,2,204,48
2048,2,205,51
2048,2,206,54
2048,2,207,52
2048,2,208,42
2048,2,209,59
2048,2,210,48
2048,2,211,47
2048,2,212,39
2048,2,213,43
2048,2,214,41
2048,2,215,41
2048,2,216,49
2048,2,217,58
2048,2,218,46
2048,2,219,52
2048,2,220,48
2048,2,221,42
2048,2,222,38
2048,2,223,50
2048,2,224,51
2048,2,225,44
2048,2,226,42
2048,2,227,39
2048,2,228,35
2048,2,229,60
2048,2,230,56
2048,2,231,44
2048,2,232,48
2048,2,233,50
2048,2,234,53
2048,2,235,48
2048,2,236,45
2048,2,237,45
2048,2,238,43
2048,2,239,45
2048,2,240,40
2048,2,241,44
2048,2,242,44
2048,2,243,45
2048,2,244,55
2048,2,245,50
2048,2,246,46
2048,2,247,48
2048,2,248,41
2048,2,249,41
2048,2,250,40
2048,2,251,38
2048,2,252,38
2048,2,253,52
2048,2,254,46
2048,2,255,53
2048,2,256,61
2048,2,257,52
2048,2,258,51
2048,2,259,46
2048,2,260,37
2048,2,261,48
2048,2,262,50
2048,2,263,50
2048,2,264,62
2048,2,265,40
2048,2,266,38
2048,2,267,50
2048,2,268,51
2048,2,269,42
2048,2,270,44
2048,2,271,52
2048,2,272,45
2048,2,273,39
2048,2,274,48
2048,2,275,40
2048,2,276,39
2048,2,277,56
2048,2,278,41
2048,2,279,55
2048,2,280,47
2048,2,281,48
2048,2,282,41
2048,2,283,40
2048,2,284,46
2048,2,285,51
2048,2,286,41
2048,2,287,48
2048,2,288,46
2048,2,289,49
2048,2,290,48
2048,2,291,41
2048,2,292,48
2048,2,293,50
2048,2,294,54
2048,2,295,53
2048,2,296,65
2048,2,297,39
2048,2,298,40
2048,2,299,38
2048,3,0,8
2048,3,1,10
2048,3,2,22
2048,3,3,18
2048,3,4,22
2048,3,5,20
2048,3,6,21
2048,3,7,21
2048,3,8,19
2048,3,9,21
2048,3,10,25
2048,3,11,16
2048,3,12,21
2048,3,13,24
2048,3,14,27
2048,3,15,19
2048,3,16,28
2048,3,17,20
2048,3,18,25
2048,3,19,26
2048,3,20,25
2048,3,21,27
2048,3,22,23
2048,3,23,22
2048,3,24,27
2048,3,25,24
2048,3,26,24
2048,3,27,31
2048,3,28,28
2048,3,29,29
2048,3,30,32
2048,3,31,30
2048,3,32,32
2048,3,33,28
2048,3,34,23
2048,3,35,29
2048,3,36,28
2048,3,37,40
2048,3,38,32
2048,3,39,32
2048,3,40,28
2048,3,41,29
2048,3,42,35
2048,3,43,32
2048,3,44,38
2048,3,45,37
2048,3,46,38
2048,3,47,30
2048,3,48,34
2048,3,49,35
2048,3,50,36
2048,3,51,38
2048,3,52,34
2048,3,53,36
2048,3,54,40
2048,3,55,47
2048,3,56,38
2048,3,57,31
2048,3,58,36
2048,3,59,31
2048,3,60,35
2048,3,61,32
2048,3,62,27
2048,3,63,43
2048,3,64,38
2048,3,65,49
2048,3,66,42
2048,3,67,42
2048,3,68,63
2048,3,69,31
2048,3,70,43
2048,3,71,40
2048,3,72,40
2048,3,73,42
2048,3,74,38
2048,3,75,34
2048,3,76,44
2048,3,77,48
2048,3,78,35
2048,3,79,36
2048,3,80,39
2048,3,81,48
2048,3,82,44
2048,3,83,44
2048,3,84,48
2048,3,85,44
2048,3,86,43
2048,3,87,49
2048,3,88,40
2048,3,89,56
2048,3,90,39
2048,3,91,43
2048,3,92,44
2048,3,93,40
2048,3,94,47
2048,3,95,49
2048,3,96,42
2048,3,97,50
2048,3,98,46
2048,3,99,44
2048,3,100,48
2048,3,101,48
2048,3,102,41
2048,3,103,43
2048,3,104,36
2048,3,105,44
2048,3,106,48
2048,3,107,47
2048,3,108,44
2048,3,109,42
2048,3,110,37
2048,3,111,38
2048,3,112,38
2048,3,113,50
2048,3,114,43
2048,3,115,49
2048,3,116,44
2048,3,117,44
2048,3,118,43
2048,3,119,42
2048,3,120,45
2048,3,121,41
2048,3,122,66
2048,3,123,39
2048,3,124,47
2048,3,125,45
2048,3,126,41
2048,3,127,45
2048,3,128,48
2048,3,129,56
2048,3,130,46
2048,3,131,40
2048,3,132,53
2048,3,133,47
2048,3,134,56
2048,3,135,42
2048,3,136,49
2048,3,137,42
2048,3,138,39
2048,3,139,45
2048,3,140,50
2048,3,141,39
2048,3,142,41
2048,3,143,40
2048,3,144,42
2048,3,145,42
2048,3,146,49
2048,3,147,45
2048,3,148,39
2048,3,149,42
2048,3,150,44
2048,3,151,41
2048,3,152,45
2048,3,153,46
2048,3,154,35
2048,3,155,48
2048,3,156,53
2048,3,157,46
2048,3,158,56
2048,3,159,45
2048,3,160,42
2048,3,161,40
2048,3,162,47
2048,3,163,49
2048,3,164,51
2048,3,165,61
2048,3,166,55
2048,3,167,57
2048,3,168,110
2048,3,169,89
2048,3,170,109
2048,3,171,89
2048,3,172,126
2048,3,173,110
2048,3,174,133
2048,3,175,162
2048,3,176,129
2048,3,177,171
2048,3,178,115
2048,3,179,114
2048,3,180,107
2048,3,181,96
2048,3,182,108
2048,3,183,165
2048,3,184,118
2048,3,185,132
2048,3,186,148
2048,3,187,153
2048,3,188,139
2048,3,189,135
2048,3,190,152
2048,3,191,203
2048,3,192,186
2048,3,193,178
2048,3,194,206
2048,3,195,163
2048,3,196,167
2048,3,197,166
2048,3,198,200
2048,3,199,219
2048,3,200,249
2048,3,201,236
2048,3,202,228
2048,3,203,219
2048,3,204,243
2048,3,205,259
2048,3,206,246
2048,3,207,281
2048,3,208,202
2048,3,209,196
2048,3,210,238
2048,3,211,228
2048,3,212,204
2048,3,213,217
2048,3,214,257
2048,3,215,224
2048,3,216,243
2048,3,217,235
2048,3,218,227
2048,3,219,224
2048,3,220,288
2048,3,221,294
2048,3,222,264
2048,3,223,246
2048,3,224,256
2048,3,225,230
2048,3,226,259
2048,3,227,211
2048,3,228,225
2048,3,229,291
2048,3,230,262
2048,3,231,272
2048,3,232,288
2048,3,233,261
2048,3,234,253
2048,3,235,222
2048,3,236,236
2048,3,237,270
2048,3,238,260
2048,3,239,235
2048,3,240,260
2048,3,241,263
2048,3,242,243
2048,3,243,254
2048,3,244,227
2048,3,245,211
2048,3,246,231
2048,3,247,227
2048,3,248,243
2048,3,249,221
2048,3,250,252
2048,3,251,195
2048,3,252,233
2048,3,253,253
2048,3,254,278
2048,3,255,227
2048,3,256,268
2048,3,257,247
2048,3,258,240
2048,3,259,248
2048,3,260,265
2048,3,261,212
2048,3,262,262
2048,3,263,264
2048,3,264,352
2048,3,265,256
2048,3,266,282
2048,3,267,300
2048,3,268,283
2048,3,269,253
2048,3,270,255
2048,3,271,225
2048,3,272,233
2048,3,273,237
2048,3,274,251
2048,3,275,281
2048,3,276,236
2048,3,277,249
2048,3,278,228
2048,3,279,257
2048,3,280,243
2048,3,281,301
2048,3,282,282
2048,3,283,308
2048,3,284,279
2048,3,285,252
2048,3,286,278
2048,3,287,259
2048,3,288,291
2048,3,289,240
2048,3,290,278
2048,3,291,276
2048,3,292,262
2048,3,293,300
2048,3,294,282
2048,3,295,251
2048,3,296,292
2048,3,297,279
2048,3,298,316
2048,3,299,339
2048,4,0,10
2048,4,1,16
2048,4,2,20
2048,4,3,12
2048,4,4,16
2048,4,5,14
2048,4,6,18
2048,4,7,15
2048,4,8,17
2048,4,9,21
2048,4,10,20
2048,4,11,25
2048,4,12,29
2048,4,13,23
2048,4,14,22
2048,4,15,27
2048,4,16,19
2048,4,17,23
2048,4,18,28
2048,4,19,28
2048,4,20,22
2048,4,21,28
2048,4,22,32
2048,4,23,26
2048,4,24,29
2048,4,25,22
2048,4,26,26
2048,4,27,27
2048,4,28,31
2048,4,29,31
2048,4,30,28
2048,4,31,28
2048,4,32,32
2048,4,33,32
2048,4,34,36
2048,4,35,27
2048,4,36,28
2048,4,37,37
2048,4,38,30
2048,4,39,26
2048,4,40,40
2048,4,41,30
2048,4,42,27
2048,4,43,30
2048,4,44,28
2048,4,45,33
2048,4,46,30
2048,4,47,28
2048,4,48,31
2048,4,49,41
2048,4,50,31
2048,4,51,29
2048,4,52,27
2048,4,53,27
2048,4,54,26
2048,4,55,28
2048,4,56,34
2048,4,57,32
2048,4,58,29
2048,4,59,32
2048,4,60,44
2048,4,61,35
2048,4,62,30
2048,4,63,36
2048,4,64,34
2048,4,65,32
2048,4,66,33
2048,4,67,28
2048,4,68,41
2048,4,69,36
2048,4,70,32
2048,4,71,34
2048,4,72,34
2048,4,73,36
2048,4,74,37
2048,4,75,33
2048,4,76,29
2048,4,77,36
2048,4,78,35
2048,4,79,46
2048,4,80,33
2048,4,81,43
2048,4,82,37
2048,4,83,41
2048,4,84,53
2048,4,85,44
2048,4,86,47
2048,4,87,31
2048,4,88,40
2048,4,89,47
2048,4,90,36
2048,4,91,44
2048,4,92,45
2048,4,93,50
2048,4,94,48
2048,4,95,44
2048,4,96,46
2048,4,97,42
2048,4,98,47
2048,4,99,41
2048,4,100,41
2048,4,101,48
2048,4,102,36
2048,4,103,46
2048,4,104,38
2048,4,105,33
2048,4,106,41
2048,4,107,40
2048,4,108,40
2048,4,109,55
2048,4,110,40
2048,4,111,39
2048,4,112,52
2048,4,113,37
2048,4,114,38
2048,4,115,36
2048,4,116,39
2048,4,117,37
2048,4,118,49
2048,4,119,46
2048,4,120,42
2048,4,121,45
2048,4,122,41
2048,4,123,44
2048,4,124,47
2048,4,125,39
2048,4,126,41
2048,4,127,54
2048,4,128,53
2048,4,129,54
2048,4,130,48
2048,4,131,52
2048,4,132,46
2048,4,133,42
2048,4,134,63
2048,4,135,61
2048,4,136,50
2048,4,137,40
2048,4,138,50
2048,4,139,42
2048,4,140,51
2048,4,141,51
2048,4,142,42
2048,4,143,53
2048,4,144,45
2048,4,145,51
2048,4,146,43
2048,4,147,52
2048,4,148,59
2048,4,149,55
2048,4,150,36
2048,4,151,32
2048,4,152,37
2048,4,153,49
2048,4,154,43
2048,4,155,34
2048,4,156,44
2048,4,157,40
2048,4,158,40
2048,4,159,48
2048,4,160,42
2048,4,161,40
2048,4,162,44
2048,4,163,38
2048,4,164,42
2048,4,165,48
2048,4,166,38
2048,4,167,49
2048,4,168,44
2048,4,169,45
2048,4,170,36
2048,4,171,44
2048,4,172,44
2048,4,173,52
2048,4,174,45
2048,4,175,37
2048,4,176,35
2048,4,177,42
2048,4,178,41
2048,4,179,41
2048,4,180,47
2048,4,181,41
2048,4,182,41
2048,4,183,36
2048,4,184,43
2048,4,185,47
2048,4,186,40
2048,4,187,41
2048,4,188,47
2048,4,189,44
2048,4,190,52
2048,4,191,45
2048,4,192,42
2048,4,193,44
2048,4,194,42
2048,4,195,48
2048,4,196,53
2048,4,197,43
2048,4,198,39
2048,4,199,43
2048,4,200,46
2048,4,201,53
2048,4,202,55
2048,4,203,41
2048,4,204,50
2048,4,205,40
2048,4,206,41
2048,4,207,36
2048,4,208,51
2048,4,209,52
2048,4,210,44
2048,4,211,50
2048,4,212,36
2048,4,213,50
2048,4,214,56
2048,4,215,44
2048,4,216,48
2048,4,217,51
2048,4,218,50
2048,4,219,45
2048,4,220,46
2048,4,221,46
2048,4,222,52
2048,4,223,46
2048,4,224,50
2048,4,225,54
2048,4,226,42
2048,4,227,44
2048,4,228,47
2048,4,229,55
2048,4,230,53
2048,4,231,47
2048,4,232,40
2048,4,233,49
2048,4,234,47
2048,4,235,52
2048,4,236,41
2048,4,237,46
2048,4,238,49
2048,4,239,47
2048,4,240,45
2048,4,241,49
2048,4,242,51
2048,4,243,41
2048,4,244,52
2048,4,245,42
2048,4,246,48
2048,4,247,49
2048,4,248,56
2048,4,249,44
2048,4,250,48
2048,4,251,48
2048,4,252,46
2048,4,253,37
2048,4,254,52
2048,4,255,44
2048,4,256,45
2048,4,257,48
2048,4,258,54
2048,4,259,52
2048,4,260,57
2048,4,261,45
2048,4,262,49
2048,4,263,45
2048,4,264,60
2048,4,265,48
2048,4,266,46
2048,4,267,35
2048,4,268,39
2048,4,269,41
2048,4,270,38
2048,4,271,62
2048,4,272,46
2048,4,273,48
2048,4,274,43
2048,4,275,44
2048,4,276,43
2048,4,277,55
2048,4,278,39
2048,4,279,51
2048,4,280,50
2048,4,281,49
2048,4,282,64
2048,4,283,57
2048,4,284,41
2048,4,285,49
2048,4,286,57
2048,4,287,47
2048,4,288,40
2048,4,289,48
2048,4,290,48
2048,4,291,62
2048,4,292,55
2048,4,293,48
2048,4,294,40
2048,4,295,40
2048,4,296,50
2048,4,297,51
2048,4,298,44
2048,4,299,40
2048,5,0,8
2048,5,1,15
2048,5,2,12
2048,5,3,19
2048,5,4,19
2048,5,5,13
2048,5,6,12
2048,5,7,15
2048,5,8,14
2048,5,9,23
2048,5,10,20
2048,5,11,25
2048,5,12,27
2048,5,13,25
2048,5,14,25
2048,5,15,32
2048,5,16,35
2048,5,17,30
2048,5,18,26
2048,5,19,22
2048,5,20,33
2048,5,21,28
2048,5,22,32
2048,5,23,36
2048,5,24,29
2048,5,25,34
2048,5,26,29
2048,5,27,27
2048,5,28,30
2048,5,29,37
2048,5,30,34
2048,5,31,40
2048,5,32,35
2048,5,33,34
2048,5,34,29
2048,5,35,36
2048,5,36,30
2048,5,37,33
2048,5,38,30
2048,5,39,40
2048,5,40,32
2048,5,41,34
2048,5,42,29
2048,5,43,28
2048,5,44,28
2048,5,45,37
2048,5,46,30
2048,5,47,30
2048,5,48,35
2048,5,49,35
2048,5,50,35
2048,5,51,27
2048,5,52,35
2048,5,53,37
2048,5,54,40
2048,5,55,32
2048,5,56,37
2048,5,57,46
2048,5,58,30
2048,5,59,39
2048,5,60,35
2048,5,61,36
2048,5,62,40
2048,5,63,36
2048,5,64,35
2048,5,65,27
2048,5,66,39
2048,5,67,34
2048,5,68,37
2048,5,69,36
2048,5,70,34
2048,5,71,40
2048,5,72,35
2048,5,73,29
2048,5,74,30
2048,5,75,44
2048,5,76,32
2048,5,77,41
2048,5,78,34
2048,5,79,38
2048,5,80,34
2048,5,81,49
2048,5,82,43
2048,5,83,38
2048,5,84,37
2048,5,85,42
2048,5,86,50
2048,5,87,38
2048,5,88,45
2048,5,89,35
2048,5,90,40
2048,5,91,28
2048,5,92,41
2048,5,93,38
2048,5,94,49
2048,5,95,40
2048,5,96,26
2048,5,97,47
2048,5,98,32
2048,5,99,38
2048,5,100,29
2048,5,101,32
2048,5,102,30
2048,5,103,35
2048,5,104,32
2048,5,105,38
2048,5,106,33
2048,5,107,42
2048,5,108,38
2048,5,109,45
2048,5,110,34
2048,5,111,29
2048,5,112,40
2048,5,113,40
2048,5,114,38
2048,5,115,35
2048,5,116,37
2048,5,117,33
2048,5,118,42
2048,5,119,35
2048,5,120,35
2048,5,121,36
2048,5,122,48
2048,5,123,46
2048,5,124,34
2048,5,125,29
2048,5,126,34
2048,5,127,36
2048,5,128,36
2048,5,129,40
2048,5,130,46
2048,5,131,44
2048,5,132,49
2048,5,133,33
2048,5,134,48
2048,5,135,47
2048,5,136,52
2048,5,137,49
2048,5,138,44
2048,5,139,38
2048,5,140,47
2048,5,141,37
2048,5,142,40
2048,5,143,42
2048,5,144,31
2048,5,145,41
2048,5,146,38
2048,5,147,39
2048,5,148,48
2048,5,149,48
2048,5,150,46
2048,5,151,46
2048,5,152,43
2048,5,153,36
2048,5,154,38
2048,5,155,34
2048,5,156,33
2048,5,157,38
2048,5,158,39
2048,5,159,35
2048,5,160,40
2048,5,161,36
2048,5,162,38
2048,5,163,38
2048,5,164,45
2048,5,165,48
2048,5,166,41
2048,5,167,49
2048,5,168,42
2048,5,169,48
2048,5,170,55
2048,5,171,32
2048,5,172,45
2048,5,173,45
2048,5,174,44
2048,5,175,39
2048,5,176,38
2048,5,177,35
2048,5,178,45
2048,5,179,37
2048,5,180,40
2048,5,181,35
2048,5,182,41
2048,5,183,43
2048,5,184,42
2048,5,185,43
2048,5,186,40
2048,5,187,58
2048,5,188,48
2048,5,189,43
2048,5,190,48
2048,5,191,44
2048,5,192,55
2048,5,193,52
2048,5,194,39
2048,5,195,38
2048,5,196,35
2048,5,197,48
2048,5,198,43
2048,5,199,39
2048,5,200,34
2048,5,201,35
2048,5,202,37
2048,5,203,41
2048,5,204,49
2048,5,205,37
2048,5,206,37
2048,5,207,39
2048,5,208,40
2048,5,209,39
2048,5,210,38
2048,5,211,42
2048,5,212,39
2048,5,213,45
2048,5,214,49
2048,5,215,47
2048,5,216,43
2048,5,217,51
2048,5,218,41
2048,5,219,51
2048,5,220,52
2048,5,221,58
2048,5,222,50
2048,5,223,45
2048,5,224,50
2048,5,225,46
2048,5,226,38
2048,5,227,42
2048,5,228,44
2048,5,229,47
2048,5,230,62
2048,5,231,45
2048,5,232,46
2048,5,233,41
2048,5,234,53
2048,5,235,52
2048,5,236,56
2048,5,237,49
2048,5,238,53
2048,5,239,46
2048,5,240,52
2048,5,241,44
2048,5,242,47
2048,5,243,49
2048,5,244,45
2048,5,245,41
2048,5,246,49
2048,5,247,51
2048,5,248,41
2048,5,249,51
2048,5,250,46
2048,5,251,40
2048,5,252,42
2048,5,253,42
2048,5,254,42
2048,5,255,60
2048,5,256,46
2048,5,257,39
2048,5,258,45
2048,5,259,37
2048,5,260,47
2048,5,261,41
2048,5,262,42
2048,5,263,54
2048,5,264,40
2048,5,265,53
2048,5,266,49
2048,5,267,53
2048,5,268,51
2048,5,269,45
2048,5,270,41
2048,5,271,43
2048,5,272,54
2048,5,273,56
2048,5,274,39
2048,5,275,46
2048,5,276,43
2048,5,277,43
2048,5,278,44
2048,5,279,49
2048,5,280,48
2048,5,281,39
2048,5,282,41
2048,5,283,40
2048,5,284,39
2048,5,285,47
2048,5,286,39
2048,5,287,49
2048,5,288,45
2048,5,289,41
2048,5,290,44
2048,5,291,50
2048,5,292,43
2048,5,293,42
2048,5,294,48
2048,5,295,51
2048,5,296,53
2048,5,297,34
2048,5,298,47
2048,5,299,54
pacman,1,0,13
pacman,1,1,15
pacman,1,2,16
pacman,1,3,16
pacman,1,4,20
pacman,1,5,17
pacman,1,6,15
pacman,1,7,16
pacman,1,8,19
pacman,1,9,17
pacman,1,10,19
pacman,1,11,16
pacman,1,12,18
pacman,1,13,26
pacman,1,14,15
pacman,1,15,21
pacman,1,16,22
pacman,1,17,23
pacman,1,18,31
pacman,1,19,32
pacman,1,20,36
pacman,1,21,36
pacman,1,22,40
pacman,1,23,48
pacman,1,24,43
pacman,1,25,44
pacman,1,26,34
pacman,1,27,41
pacman,1,28,44
pacman,1,29,39
pacman,1,30,45
pacman,1,31,38
pacman,1,32,36
pacman,1,33,47
pacman,1,34,42
pacman,1,35,46
pacman,1,36,42
pacman,1,37,36
pacman,1,38,40
pacman,1,39,49
pacman,1,40,45
pacman,1,41,37
pacman,1,42,39
pacman,1,43,37
pacman,1,44,43
pacman,1,45,42
pacman,1,46,37
pacman,1,47,40
pacman,1,48,49
pacman,1,49,44
pacman,1,50,36
pacman,1,51,37
pacman,1,52,38
pacman,1,53,40
pacman,1,54,42
pacman,1,55,47
pacman,1,56,46
pacman,1,57,39
pacman,1,58,37
pacman,1,59,48
pacman,1,60,40
pacman,1,61,47
pacman,1,62,40
pacman,1,63,35
pacman,1,64,44
pacman,1,65,37
pacman,1,66,27
pacman,1,67,43
pacman,1,68,38
pacman,1,69,34
pacman,1,70,37
pacman,1,71,41
pacman,1,72,46
pacman,1,73,40
pacman,1,74,39
pacman,1,75,40
pacman,1,76,41
pacman,1,77,32
pacman,1,78,32
pacman,1,79,40
pacman,1,80,44
pacman,1,81,44
pacman,1,82,45
pacman,1,83,37
pacman,1,84,45
pacman,1,85,39
pacman,1,86,33
pacman,1,87,39
pacman,1,88,47
pacman,1,89,39
pacman,1,90,38
pacman,1,91,45
pacman,1,92,38
pacman,1,93,42
pacman,1,94,39
pacman,1,95,37
pacman,1,96,48
pacman,1,97,34
pacman,1,98,47
pacman,1,99,38
pacman,1,100,48
pacman,1,101,45
pacman,1,102,36
pacman,1,103,38
pacman,1,104,41
pacman,1,105,33
pacman,1,106,38
pacman,1,107,43
pacman,1,108,39
pacman,1,109,46
pacman,1,110,41
pacman,1,111,41
pacman,1,112,41
pacman,1,113,39
pacman,1,114,43
pacman,1,115,39
pacman,1,116,42
pacman,1,117,41
pacman,1,118,32
pacman,1,119,24
pacman,1,120,46
pacman,1,121,47
pacman,1,122,47
pacman,1,123,49
pacman,1,124,34
pacman,1,125,39
pacman,1,126,44
pacman,1,127,32
pacman,1,128,45
pacman,1,129,38
pacman,1,130,36
pacman,1,131,49
pacman,1,132,51
pacman,1,133,46
pacman,1,134,41
pacman,1,135,42
pacman,1,136,42
pacman,1,137,52
pacman,1,138,44
pacman,1,139,53
pacman,1,140,38
pacman,1,141,38
pacman,1,142,40
pacman,1,143,45
pacman,1,144,40
pacman,1,145,38
pacman,1,146,47
pacman,1,147,46
pacman,1,148,41
pacman,1,149,43
pacman,1,150,46
pacman,1,151,41
pacman,1,152,44
pacman,1,153,47
pacman,1,154,35
pacman,1,155,44
pacman,1,156,41
pacman,1,157,39
pacman,1,158,52
pacman,1,159,44
pacman,1,160,26
pacman,1,161,35
pacman,1,162,35
pacman,1,163,46
pacman,1,164,34
pacman,1,165,45
pacman,1,166,34
pacman,1,167,41
pacman,1,168,41
pacman,1,169,37
pacman,1,170,34
pacman,1,171,40
pacman,1,172,45
pacman,1,173,35
pacman,1,174,45
pacman,1,175,40
pacman,1,176,44
pacman,1,177,46
pacman,1,178,52
pacman,1,179,40
pacman,1,180,32
pacman,1,181,44
pacman,1,182,46
pacman,1,183,33
pacman,1,184,39
pacman,1,185,43
pacman,1,186,48
pacman,1,187,47
pacman,1,188,46
pacman,1,189,35
pacman,1,190,40
pacman,1,191,42
pacman,1,192,43
pacman,1,193,39
pacman,1,194,49
pacman,1,195,39
pacman,1,196,29
pacman,1,197,49
pacman,1,198,38
pacman,1,199,43
pacman,1,200,40
pacman,1,201,35
pacman,1,202,46
pacman,1,203,39
pacman,1,204,36
pacman,1,205,43
pacman,1,206,40
pacman,1,207,44
pacman,1,208,41
pacman,1,209,39
pacman,1,210,45
pacman,1,211,33
pacman,1,212,39
pacman,1,213,33
pacman,1,214,36
pacman,1,215,44
pacman,1,216,45
pacman,1,217,37
pacman,1,218,31
pacman,1,219,39
pacman,1,220,37
pacman,1,221,42
pacman,1,222,42
pacman,1,223,47
pacman,1,224,42
pacman,1,225,44
pacman,1,226,35
pacman,1,227,44
pacman,1,228,40
pacman,1,229,49
pacman,1,230,40
pacman,1,231,38
pacman,1,232,37
pacman,1,233,51
pacman,1,234,37
pacman,1,235,41
pacman,1,236,51
pacman,1,237,43
pacman,1,238,43
pacman,1,239,47
pacman,1,240,52
pacman,1,241,38
pacman,1,242,39
pacman,1,243,44
pacman,1,244,40
pacman,1,245,46
pacman,1,246,37
pacman,1,247,39
pacman,1,248,42
pacman,1,249,41
pacman,2,0,11
pacman,2,1,18
pacman,2,2,16
pacman,2,3,14
pacman,2,4,16
pacman,2,5,14
pacman,2,6,17
pacman,2,7,14
pacman,2,8,18
pacman,2,9,22
pacman,2,10,21
pacman,2,11,13
pacman,2,12,23
pacman,2,13,24
pacman,2,14,19
pacman,2,15,22
pacman,2,16,23
pacman,2,17,24
pacman,2,18,25
pacman,2,19,28
pacman,2,20,23
pacman,2,21,29
pacman,2,22,30
pacman,2,23,31
pacman,2,24,30
pacman,2,25,39
pacman,2,26,28
pacman,2,27,27
pacman,2,28,29
pacman,2,29,30
pacman,2,30,25
pacman,2,31,32
pacman,2,32,27
pacman,2,33,24
pacman,2,34,25
pacman,2,35,26
pacman,2,36,26
pacman,2,37,26
pacman,2,38,26
pacman,2,39,28
pacman,2,40,29
pacman,2,41,23
pacman,2,42,32
pacman,2,43,27
pacman,2,44,32
pacman,2,45,27
pacman,2,46,30
pacman,2,47,31
pacman,2,48,28
pacman,2,49,34
pacman,2,50,34
pacman,2,51,30
pacman,2,52,24
pacman,2,53,29
pacman,2,54,25
pacman,2,55,29
pacman,2,56,32
pacman,2,57,30
pacman,2,58,33
pacman,2,59,31
pacman,2,60,33
pacman,2,61,28
pacman,2,62,33
pacman,2,63,34
pacman,2,64,38
pacman,2,65,35
pacman,2,66,35
pacman,2,67,30
pacman,2,68,30
pacman,2,69,35
pacman,2,70,25
pacman,2,71,31
pacman,2,72,26
pacman,2,73,23
pacman,2,74,31
pacman,2,75,30
pacman,2,76,29
pacman,2,77,25
pacman,2,78,30
pacman,2,79,33
pacman,2,80,27
pacman,2,81,27
pacman,2,82,28
pacman,2,83,29
pacman,2,84,27
pacman,2,85,26
pacman,2,86,26
pacman,2,87,30
pacman,2,88,27
pacman,2,89,33
pacman,2,90,32
pacman,2,91,28
pacman,2,92,37
pacman,2,93,27
pacman,2,94,30
pacman,2,95,35
pacman,2,96,38
pacman,2,97,31
pacman,2,98,30
pacman,2,99,28
pacman,2,100,38
pacman,2,101,40
pacman,2,102,37
pacman,2,103,35
pacman,2,104,34
pacman,2,105,35
pacman,2,106,30
pacman,2,107,40
pacman,2,108,31
pacman,2,109,38
pacman,2,110,37
pacman,2,111,34
pacman,2,112,33
pacman,2,113,32
pacman,2,114,33
pacman,2,115,34
pacman,2,116,36
pacman,2,117,29
pacman,2,118,30
pacman,2,119,40
pacman,2,120,28
pacman,2,121,39
pacman,2,122,27
pacman,2,123,37
pacman,2,124,39
pacman,2,125,31
pacman,2,126,31
pacman,2,127,28
pacman,2,128,28
pacman,2,129,30
pacman,2,130,29
pacman,2,131,36
pacman,2,132,32
pacman,2,133,30
pacman,2,134,29
pacman,2,135,22
pacman,2,136,28
pacman,2,137,27
pacman,2,138,31
pacman,2,139,26
pacman,2,140,27
pacman,2,141,33
pacman,2,142,30
pacman,2,143,30
pacman,2,144,28
pacman,2,145,27
pacman,2,146,28
pacman,2,147,25
pacman,2,148,25
pacman,2,149,27
pacman,2,150,29
pacman,2,151,29
pacman,2,152,28
pacman,2,153,29
pacman,2,154,30
pacman,2,155,24
pacman,2,156,34
pacman,2,157,20
pacman,2,158,25
pacman,2,159,38
pacman,2,160,28
pacman,2,161,32
pacman,2,162,28
pacman,2,163,28
pacman,2,164,27
pacman,2,165,27
pacman,2,166,24
pacman,2,167,28
pacman,2,168,24
pacman,2,169,28
pacman,2,170,28
pacman,2,171,31
pacman,2,172,30
pacman,2,173,31
pacman,2,174,33
pacman,2,175,30
pacman,2,176,32
pacman,2,177,26
pacman,2,178,27
pacman,2,179,29
pacman,2,180,29
pacman,2,181,27
pacman,2,182,27
pacman,2,183,26
pacman,2,184,26
pacman,2,185,26
pacman,2,186,39
pacman,2,187,39
pacman,2,188,37
pacman,2,189,35
pacman,2,190,34
pacman,2,191,28
pacman,2,192,34
pacman,2,193,26
pacman,2,194,39
pacman,2,195,37
pacman,2,196,41
pacman,2,197,32
pacman,2,198,40
pacman,2,199,38
pacman,2,200,34
pacman,2,201,32
pacman,2,202,34
pacman,2,203,38
pacman,2,204,33
pacman,2,205,33
pacman,2,206,32
pacman,2,207,35
pacman,2,208,41
pacman,2,209,36
pacman,2,210,35
pacman,2,211,41
pacman,2,212,33
pacman,2,213,39
pacman,2,214,36
pacman,2,215,32
pacman,2,216,41
pacman,2,217,31
pacman,2,218,43
pacman,2,219,37
pacman,2,220,35
pacman,2,221,34
pacman,2,222,38
pacman,2,223,30
pacman,2,224,25
pacman,2,225,30
pacman,2,226,30
pacman,2,227,28
pacman,2,228,30
pacman,2,229,33
pacman,2,230,35
pacman,2,231,29
pacman,2,232,27
pacman,2,233,34
pacman,2,234,30
pacman,2,235,32
pacman,2,236,33
pacman,2,237,29
pacman,2,238,29
pacman,2,239,21
pacman,2,240,30
pacman,2,241,30
pacman,2,242,30
pacman,2,243,29
pacman,2,244,24
pacman,2,245,25
pacman,2,246,34
pacman,2,247,28
pacman,2,248,32
pacman,2,249,30
pacman,3,0,13
pacman,3,1,11
pacman,3,2,17
pacman,3,3,16
pacman,3,4,14
pacman,3,5,16
pacman,3,6,18
pacman,3,7,16
pacman,3,8,16
pacman,3,9,17
pacman,3,10,20
pacman,3,11,20
pacman,3,12,24
pacman,3,13,22
pacman,3,14,29
pacman,3,15,24
pacman,3,16,23
pacman,3,17,26
pacman,3,18,24
pacman,3,19,29
pacman,3,20,26
pacman,3,21,28
pacman,3,22,29
pacman,3,23,30
pacman,3,24,25
pacman,3,25,25
pacman,3,26,27
pacman,3,27,27
pacman,3,28,32
pacman,3,29,32
pacman,3,30,30
pacman,3,31,21
pacman,3,32,27
pacman,3,33,29
pacman,3,34,28
pacman,3,35,27
pacman,3,36,29
pacman,3,37,28
pacman,3,38,30
pacman,3,39,31
pacman,3,40,26
pacman,3,41,35
pacman,3,42,31
pacman,3,43,29
pacman,3,44,31
pacman,3,45,24
pacman,3,46,30
pacman,3,47,23
pacman,3,48,33
pacman,3,49,25
pacman,3,50,27
pacman,3,51,28
pacman,3,52,34
pacman,3,53,27
pacman,3,54,26
pacman,3,55,30
pacman,3,56,30
pacman,3,57,28
pacman,3,58,33
pacman,3,59,35
pacman,3,60,32
pacman,3,61,37
pacman,3,62,29
pacman,3,63,33
pacman,3,64,30
pacman,3,65,33
pacman,3,66,33
pacman,3,67,36
pacman,3,68,31
pacman,3,69,22
pacman,3,70,33
pacman,3,71,31
pacman,3,72,27
pacman,3,73,33
pacman,3,74,27
pacman,3,75,30
pacman,3,76,28
pacman,3,77,36
pacman,3,78,30
pacman,3,79,25
pacman,3,80,35
pacman,3,81,31
pacman,3,82,30
pacman,3,83,32
pacman,3,84,28
pacman,3,85,25
pacman,3,86,34
pacman,3,87,29
pacman,3,88,34
pacman,3,89,28
pacman,3,90,33
pacman,3,91,35
pacman,3,92,28
pacman,3,93,31
pacman,3,94,34
pacman,3,95,42
pacman,3,96,31
pacman,3,97,34
pacman,3,98,32
pacman,3,99,39
pacman,3,100,31
pacman,3,101,34
pacman,3,102,28
pacman,3,103,33
pacman,3,104,23
pacman,3,105,27
pacman,3,106,27
pacman,3,107,26
pacman,3,108,29
pacman,3,109,32
pacman,3,110,25
pacman,3,111,26
pacman,3,112,28
pacman,3,113,31
pacman,3,114,26
pacman,3,115,25
pacman,3,116,32
pacman,3,117,37
pacman,3,118,29
pacman,3,119,27
pacman,3,120,35
pacman,3,121,35
pacman,3,122,28
pacman,3,123,30
pacman,3,124,37
pacman,3,125,36
pacman,3,126,28
pacman,3,127,26
pacman,3,128,25
pacman,3,129,38
pacman,3,130,32
pacman,3,131,26
pacman,3,132,35
pacman,3,133,31
pacman,3,134,34
pacman,3,135,30
pacman,3,136,29
pacman,3,137,23
pacman,3,138,27
pacman,3,139,36
pacman,3,140,30
pacman,3,141,28
pacman,3,142,37
pacman,3,143,26
pacman,3,144,28
pacman,3,145,36
pacman,3,146,25
pacman,3,147,28
pacman,3,148,33
pacman,3,149,31
pacman,3,150,26
pacman,3,151,30
pacman,3,152,28
pacman,3,153,29
pacman,3,154,24
pacman,3,155,32
pacman,3,156,31
pacman,3,157,26
pacman,3,158,26
pacman,3,159,29
pacman,3,160,31
pacman,3,161,24
pacman,3,162,32
pacman,3,163,32
pacman,3,164,30
pacman,3,165,37
pacman,3,166,29
pacman,3,167,31
pacman,3,168,31
pacman,3,169,32
pacman,3,170,31
pacman,3,171,30
pacman,3,172,24
pacman,3,173,24
pacman,3,174,33
pacman,3,175,28
pacman,3,176,24
pacman,3,177,29
pacman,3,178,28
pacman,3,179,30
pacman,3,180,29
pacman,3,181,26
pacman,3,182,30
pacman,3,183,26
pacman,3,184,29
pacman,3,185,31
pacman,3,186,27
pacman,3,187,38
pacman,3,188,26
pacman,3,189,24
pacman,3,190,31
pacman,3,191,29
pacman,3,192,25
pacman,3,193,30
pacman,3,194,29
pacman,3,195,23
pacman,3,196,28
pacman,3,197,30
pacman,3,198,25
pacman,3,199,38
pacman,3,200,36
pacman,3,201,27
pacman,3,202,27
pacman,3,203,30
pacman,3,204,26
pacman,3,205,33
pacman,3,206,34
pacman,3,207,36
pacman,3,208,34
pacman,3,209,31
pacman,3,210,26
pacman,3,211,30
pacman,3,212,23
pacman,3,213,28
pacman,3,214,35
pacman,3,215,26
pacman,3,216,31
pacman,3,217,29
pacman,3,218,32
pacman,3,219,34
pacman,3,220,31
pacman,3,221,30
pacman,3,222,26
pacman,3,223,34
pacman,3,224,34
pacman,3,225,29
pacman,3,226,34
pacman,3,227,29
pacman,3,228,28
pacman,3,229,32
pacman,3,230,32
pacman,3,231,24
pacman,3,232,36
pacman,3,233,30
pacman,3,234,28
pacman,3,235,28
pacman,3,236,33
pacman,3,237,34
pacman,3,238,30
pacman,3,239,33
pacman,3,240,28
pacman,3,241,38
pacman,3,242,38
pacman,3,243,35
pacman,3,244,35
pacman,3,245,40
pacman,3,246,32
pacman,3,247,36
pacman,3,248,35
pacman,3,249,38
pacman,4,0,14
pacman,4,1,14
pacman,4,2,13
pacman,4,3,16
pacman,4,4,16
pacman,4,5,15
pacman,4,6,17
pacman,4,7,12
pacman,4,8,16
pacman,4,9,19
pacman,4,10,14
pacman,4,11,17
pacman,4,12,14
pacman,4,13,17
pacman,4,14,16
pacman,4,15,17
pacman,4,16,17
pacman,4,17,18
pacman,4,18,17
pacman,4,19,17
pacman,4,20,19
pacman,4,21,18
pacman,4,22,15
pacman,4,23,17
pacman,4,24,13
pacman,4,25,13
pacman,4,26,15
pacman,4,27,14
pacman,4,28,14
pacman,4,29,15
pacman,4,30,14
pacman,4,31,16
pacman,4,32,18
pacman,4,33,19
pacman,4,34,19
pacman,4,35,18
pacman,4,36,21
pacman,4,37,20
pacman,4,38,15
pacman,4,39,17
pacman,4,40,15
pacman,4,41,20
pacman,4,42,18
pacman,4,43,18
pacman,4,44,16
pacman,4,45,19
pacman,4,46,20
pacman,4,47,19
pacman,4,48,20
pacman,4,49,19
pacman,4,50,16
pacman,4,51,23
pacman,4,52,20
pacman,4,53,25
pacman,4,54,21
pacman,4,55,19
pacman,4,56,15
pacman,4,57,18
pacman,4,58,18
pacman,4,59,20
pacman,4,60,23
pacman,4,61,17
pacman,4,62,22
pacman,4,63,19
pacman,4,64,20
pacman,4,65,18
pacman,4,66,23
pacman,4,67,23
pacman,4,68,20
pacman,4,69,20
pacman,4,70,20
pacman,4,71,22
pacman,4,72,21
pacman,4,73,23
pacman,4,74,25
pacman,4,75,20
pacman,4,76,20
pacman,4,77,19
pacman,4,78,16
pacman,4,79,19
pacman,4,80,20
pacman,4,81,20
pacman,4,82,18
pacman,4,83,24
pacman,4,84,18
pacman,4,85,17
pacman,4,86,25
pacman,4,87,18
pacman,4,88,21
pacman,4,89,19
pacman,4,90,17
pacman,4,91,21
pacman,4,92,18
pacman,4,93,18
pacman,4,94,19
pacman,4,95,16
pacman,4,96,20
pacman,4,97,14
pacman,4,98,22
pacman,4,99,15
pacman,4,100,17
pacman,4,101,17
pacman,4,102,17
pacman,4,103,23
pacman,4,104,22
pacman,4,105,20
pacman,4,106,19
pacman,4,107,20
pacman,4,108,20
pacman,4,109,23
pacman,4,110,21
pacman,4,111,24
pacman,4,112,23
pacman,4,113,20
pacman,4,114,20
pacman,4,115,19
pacman,4,116,21
pacman,4,117,21
pacman,4,118,21
pacman,4,119,24
pacman,4,120,21
pacman,4,121,25
pacman,4,122,20
pacman,4,123,16
pacman,4,124,25
pacman,4,125,16
pacman,4,126,17
pacman,4,127,21
pacman,4,128,18
pacman,4,129,18
pacman,4,130,21
pacman,4,131,15
pacman,4,132,17
pacman,4,133,18
pacman,4,134,17
pacman,4,135,19
pacman,4,136,19
pacman,4,137,19
pacman,4,138,23
pacman,4,139,16
pacman,4,140,19
pacman,4,141,21
pacman,4,142,23
pacman,4,143,19
pacman,4,144,20
pacman,4,145,19
pacman,4,146,19
pacman,4,147,24
pacman,4,148,17
pacman,4,149,20
pacman,4,150,17
pacman,4,151,17
pacman,4,152,14
pacman,4,153,21
pacman,4,154,22
pacman,4,155,20
pacman,4,156,17
pacman,4,157,16
pacman,4,158,20
pacman,4,159,22
pacman,4,160,20
pacman,4,161,23
pacman,4,162,25
pacman,4,163,18
pacman,4,164,18
pacman,4,165,18
pacman,4,166,20
pacman,4,167,18
pacman,4,168,22
pacman,4,169,20
pacman,4,170,22
pacman,4,171,23
pacman,4,172,19
pacman,4,173,18
pacman,4,174,19
pacman,4,175,17
pacman,4,176,21
pacman,4,177,20
pacman,4,178,22
pacman,4,179,22
pacman,4,180,20
pacman,4,181,20
pacman,4,182,17
pacman,4,183,23
pacman,4,184,21
pacman,4,185,22
pacman,4,186,19
pacman,4,187,23
pacman,4,188,19
pacman,4,189,17
pacman,4,190,19
pacman,4,191,18
pacman,4,192,18
pacman,4,193,22
pacman,4,194,20
pacman,4,195,18
pacman,4,196,19
pacman,4,197,20
pacman,4,198,21
pacman,4,199,21
pacman,4,200,23
pacman,4,201,21
pacman,4,202,15
pacman,4,203,20
pacman,4,204,21
pacman,4,205,21
pacman,4,206,21
pacman,4,207,20
pacman,4,208,21
pacman,4,209,20
pacman,4,210,20
pacman,4,211,24
pacman,4,212,21
pacman,4,213,18
pacman,4,214,22
pacman,4,215,21
pacman,4,216,21
pacman,4,217,21
pacman,4,218,24
pacman,4,219,19
pacman,4,220,18
pacman,4,221,19
pacman,4,222,19
pacman,4,223,19
pacman,4,224,21
pacman,4,225,24
pacman,4,226,19
pacman,4,227,19
pacman,4,228,22
pacman,4,229,23
pacman,4,230,22
pacman,4,231,20
pacman,4,232,24
pacman,4,233,22
pacman,4,234,21
pacman,4,235,18
pacman,4,236,20
pacman,4,237,18
pacman,4,238,18
pacman,4,239,18
pacman,4,240,21
pacman,4,241,17
pacman,4,242,21
pacman,4,243,25
pacman,4,244,18
pacman,4,245,16
pacman,4,246,24
pacman,4,247,20
pacman,4,248,21
pacman,4,249,21
pacman,5,0,15
pacman,5,1,16
pacman,5,2,15
pacman,5,3,16
pacman,5,4,15
pacman,5,5,17
pacman,5,6,14
pacman,5,7,16
pacman,5,8,19
pacman,5,9,18
pacman,5,10,17
pacman,5,11,17
pacman,5,12,23
pacman,5,13,24
pacman,5,14,28
pacman,5,15,27
pacman,5,16,26
pacman,5,17,28
pacman,5,18,27
pacman,5,19,31
pacman,5,20,28
pacman,5,21,25
pacman,5,22,30
pacman,5,23,25
pacman,5,24,29
pacman,5,25,23
pacman,5,26,23
pacman,5,27,27
pacman,5,28,33
pacman,5,29,31
pacman,5,30,33
pacman,5,31,39
pacman,5,32,45
pacman,5,33,34
pacman,5,34,26
pacman,5,35,25
pacman,5,36,36
pacman,5,37,43
pacman,5,38,39
pacman,5,39,38
pacman,5,40,34
pacman,5,41,40
pacman,5,42,39
pacman,5,43,37
pacman,5,44,40
pacman,5,45,42
pacman,5,46,36
pacman,5,47,38
pacman,5,48,35
pacman,5,49,37
pacman,5,50,40
pacman,5,51,38
pacman,5,52,40
pacman,5,53,39
pacman,5,54,36
pacman,5,55,35
pacman,5,56,35
pacman,5,57,32
pacman,5,58,30
pacman,5,59,35
pacman,5,60,36
pacman,5,61,31
pacman,5,62,36
pacman,5,63,32
pacman,5,64,37
pacman,5,65,34
pacman,5,66,43
pacman,5,67,37
pacman,5,68,36
pacman,5,69,33
pacman,5,70,34
pacman,5,71,37
pacman,5,72,37
pacman,5,73,41
pacman,5,74,34
pacman,5,75,35
pacman,5,76,30
pacman,5,77,33
pacman,5,78,36
pacman,5,79,32
pacman,5,80,31
pacman,5,81,36
pacman,5,82,37
pacman,5,83,31
pacman,5,84,36
pacman,5,85,31
pacman,5,86,30
pacman,5,87,42
pacman,5,88,33
pacman,5,89,43
pacman,5,90,34
pacman,5,91,33
pacman,5,92,31
pacman,5,93,35
pacman,5,94,31
pacman,5,95,35
pacman,5,96,34
pacman,5,97,40
pacman,5,98,41
pacman,5,99,41
pacman,5,100,41
pacman,5,101,49
pacman,5,102,42
pacman,5,103,36
pacman,5,104,37
pacman,5,105,40
pacman,5,106,34
pacman,5,107,43
pacman,5,108,37
pacman,5,109,33
pacman,5,110,36
pacman,5,111,32
pacman,5,112,33
pacman,5,113,38
pacman,5,114,39
pacman,5,115,32
pacman,5,116,30
pacman,5,117,39
pacman,5,118,42
pacman,5,119,43
pacman,5,120,39
pacman,5,121,40
pacman,5,122,35
pacman,5,123,40
pacman,5,124,41
pacman,5,125,38
pacman,5,126,40
pacman,5,127,37
pacman,5,128,46
pacman,5,129,40
pacman,5,130,40
pacman,5,131,32
pacman,5,132,33
pacman,5,133,41
pacman,5,134,36
pacman,5,135,32
pacman,5,136,41
pacman,5,137,35
pacman,5,138,35
pacman,5,139,37
pacman,5,140,30
pacman,5,141,31
pacman,5,142,39
pacman,5,143,32
pacman,5,144,32
pacman,5,145,35
pacman,5,146,34
pacman,5,147,36
pacman,5,148,35
pacman,5,149,37
pacman,5,150,43
pacman,5,151,45
pacman,5,152,46
pacman,5,153,35
pacman,5,154,37
pacman,5,155,37
pacman,5,156,33
pacman,5,157,35
pacman,5,158,37
pacman,5,159,37
pacman,5,160,39
pacman,5,161,31
pacman,5,162,39
pacman,5,163,40
pacman,5,164,41
pacman,5,165,45
pacman,5,166,38
pacman,5,167,39
pacman,5,168,39
pacman,5,169,45
pacman,5,170,42
pacman,5,171,45
pacman,5,172,34
pacman,5,173,38
pacman,5,174,44
pacman,5,175,34
pacman,5,176,34
pacman,5,177,32
pacman,5,178,35
pacman,5,179,35
pacman,5,180,44
pacman,5,181,35
pacman,5,182,37
pacman,5,183,34
pacman,5,184,40
pacman,5,185,43
pacman,5,186,37
pacman,5,187,35
pacman,5,188,33
pacman,5,189,37
pacman,5,190,42
pacman,5,191,44
pacman,5,192,43
pacman,5,193,27
pacman,5,194,34
pacman,5,195,37
pacman,5,196,37
pacman,5,197,41
pacman,5,198,37
pacman,5,199,34
pacman,5,200,40
pacman,5,201,32
pacman,5,202,36
pacman,5,203,36
pacman,5,204,35
pacman,5,205,30
pacman,5,206,28
pacman,5,207,27
pacman,5,208,41
pacman,5,209,37
pacman,5,210,35
pacman,5,211,39
pacman,5,212,35
pacman,5,213,38
pacman,5,214,40
pacman,5,215,34
pacman,5,216,39
pacman,5,217,37
pacman,5,218,38
pacman,5,219,29
pacman,5,220,37
pacman,5,221,45
pacman,5,222,35
pacman,5,223,40
pacman,5,224,34
pacman,5,225,35
pacman,5,226,38
pacman,5,227,34
pacman,5,228,34
pacman,5,229,40
pacman,5,230,30
pacman,5,231,36
pacman,5,232,34
pacman,5,233,35
pacman,5,234,32
pacman,5,235,40
pacman,5,236,39
pacman,5,237,33
pacman,5,238,42
pacman,5,239,35
pacman,5,240,36
pacman,5,241,42
pacman,5,242,38
pacman,5,243,38
pacman,5,244,37
pacman,5,245,35
pacman,5,246,31
pacman,5,247,34
pacman,5,248,40
pacman,5,249,34
